body_site,gm,gsd,gse
stool,6.3076574147093,1.6931750421111378,1.044390737139731
vagina,1.3906836879357742,1.6088987088698798,1.0622559479328484
