sim_type,gm,gsd,gse
iid,1.584569807115694,1.4849957162401972,1.012582523922744
vcv,1.611718276824217,1.6359569344245155,1.015687388540126
